fid,total_score
293382,593
304032,1425
387117,254
286431,2669
262572,193
245743,648
290535,0
459768,9877
499155,3773
304832,1231
16154,676
18850,1958
386509,485
403231,187
458691,741
327374,0
15513,159
467051,72
400074,122
500235,0
346678,586
413808,0
484256,109
234948,155
379695,0
299135,76
321702,504
335459,266
475326,2236
258537,284
426441,597
533260,83
575001,510
18753,680
445796,97
344550,151
252936,0
548213,2598
245492,199
279411,551
247143,77
571464,366
193425,917
567938,863
284877,753
316530,838
461448,880
440917,38
446697,87
281676,76
599449,0
443863,0
339600,1021
235383,481
394895,35
19038,716
499802,0
447998,0
343942,289
255041,158
440473,38
362862,0
21829,873
501210,0
322602,0
411120,0
264615,1202
364229,485
312451,657
304465,78
533278,831
308564,815
575870,44
243464,950
516518,31
274580,187
8425,620
243775,992
547849,203
14958,759
320106,159
348525,340
258848,92
328339,409
404910,147
300392,831
502639,60
636798,0
665596,558
428361,0
217575,1951
516307,0
511519,0
290477,1176
351704,2086
411689,70
405503,324
481404,0
654983,221
2391,1216
484420,97
15825,16963
452605,427
191571,204
433599,0
507612,67
508188,64
316122,529
621320,0
461581,105
371106,218
416604,110
439045,32
255479,144
405697,0
396217,85
265169,633
295123,2583
345672,379
377944,0
2777,953
398211,95
345377,664
379673,81
292732,929
305843,0
438284,44
482887,48
419871,0
337574,156
11244,115
254810,152
520144,485
504309,0
501244,0
540896,11382
498226,88
230238,209
489090,976
453255,761
474644,0
411451,109
315708,960
461955,474
235984,715
315883,151
448613,50
423885,577
333772,589
456735,91
398028,114
236804,144
250661,158
316468,244
390104,0
300589,474
347232,212
597125,0
253439,34896
418549,70
640479,0
554453,0
362216,393
311600,76
4901,570
19299,960
343330,0
407704,149
552205,129
472339,46
480498,0
289289,943
423985,0
500856,139
434016,102
277296,150
494279,14984
452884,917
234943,682
404660,104
260151,758
393855,263
455109,275
528487,34
478734,96
341838,102
455837,538
261145,152
5064,83
572072,36
338710,641
508994,0
511642,115
255977,289
579824,0
416153,66
576420,0
570225,260
323433,750
287136,142
229000,1551
516034,70
506729,0
414579,0
499857,421
558408,577
188261,676
272479,0
414347,175
279008,161
22761,909
378285,0
472406,1121
396484,0
263574,160
372529,5302
255156,961
370281,340
314720,1361
474649,651
972,0
409073,0
14176,162
277988,322
543707,0
250760,483
429137,0
511734,0
391782,165
647700,627
597575,511
534167,83
540346,580
444768,198
614469,53
6791,295
559500,187
364924,1107
330815,621
249202,359
531537,695
504583,378
554100,44
401744,638
473653,133
407112,91
229024,0
403845,497
376900,1032
252219,651
510260,0
546378,632
263895,533
364891,189
264410,553
481228,0
491649,880
239533,711
344891,689
279269,167
593698,537
439530,116
7910,0
439928,0
607900,37
13688,336
254613,1634
528176,533
449421,36
535427,930
11961,873
292545,159
205525,702
9766,651
393348,77
435411,499
471393,587
443305,0
550510,109
291197,482
541774,81
417887,0
454815,500
358786,1574
452432,356
230360,532
333255,1036
600834,77
17931,82
211160,1881
255185,148
436215,123
475475,978
368056,996
217261,325
312736,150
216548,424
307253,883
394954,148
301313,0
4840,808
538306,0
621460,3125
498349,0
236949,1088
549598,199
640033,482
19185,6830
1467,910
522885,524
426970,0
291454,461
560015,0
291686,573
251447,156
13536,344
607454,0
285604,184
18319,2009
539388,0
421924,0
401614,296
254510,157
250425,0
511463,0
267642,151
557806,164
298619,100
395500,55
2112,71
518552,1416
249905,151
291482,1703
528654,1755
394667,0
248451,660
412582,150
442860,1137
300707,0
16884,343
263694,856
406564,125
343819,972
487357,0
587554,58
261578,87
466926,92
425913,954
328632,177
331253,744
397392,106
405733,106
243779,812
664520,612
451150,0
594934,417
436361,0
399370,105
335897,105
424680,731
519206,0
509509,87
444033,101
18096,601
359298,1478
445579,377
632206,0
4632,966
243496,714
530357,283
448698,157
537917,592
577936,0
516089,0
535243,0
442432,634
302556,79
413852,40
350886,1074
492843,51
200695,8565
436646,0
12547,839
393317,72
420326,960
478008,436
427885,84
435941,706
385297,101
541237,7516
515439,81
386264,0
4716,574
216993,615
416658,461
396114,51
292064,151
10095,443
385564,83
338988,485
312316,463
607283,203
294244,1351
380106,137
190446,35998
301657,813
547522,625
206967,223
477688,514
402541,80
315272,128
485447,73
541506,418
445346,1139
419894,226
276829,433
427926,44
411478,618
295684,367
429262,0
221578,203
354510,1043
339749,319
23425,1752
418419,114
264378,0
418352,73
660076,919
362144,0
435400,40
517474,599
406879,229
1236,506
575130,107
427830,0
304772,148
481124,546
516580,1176
300929,101
421641,38
614523,0
479090,64
576210,633
384457,238
347675,76
314787,672
405579,480
518283,0
368021,2186
257499,150
405729,0
251588,0
681318,0
308321,13640
560260,468
315104,805
560607,795
324721,883
293102,328
364953,35
452634,828
302424,151
426470,0
420229,3691
256931,1066
377557,1051
458767,436
317373,0
3304,71
446492,43
235888,150
389486,44
372638,153
488583,0
254339,1709
307191,783
14415,467
15069,0
530860,112
503416,214
396338,62
482129,676
500988,46
385627,109
503400,489
328467,954
259637,491
324395,0
256594,150
631845,962
649253,0
309297,519
13651,4156
520108,68
406088,0
406910,127
381683,0
403547,0
430031,1483
250772,253
244328,8
458718,84
430403,0
481552,0
334546,445
284444,4872
223986,622
407417,717
667216,0
256130,150
467736,3147
19102,1025
383977,1762
493501,61
434065,176
429587,57
443855,59
429238,115
222811,895
229018,270
282223,526
500659,103
18994,76
388808,87
383877,124
270735,538
455370,0
451136,0
17652,2507
472313,58
513190,0
570513,594
243533,939
9587,90
349975,293
421572,39
249777,445
417418,706
229621,505
244416,615
348944,1345
538667,0
326863,84
343971,362
357393,613
500239,44
468545,304
503341,0
256933,0
260584,1325
2802,2156
365990,396
480461,502
244559,1278
540845,107
322937,225
519392,39
438774,34
301144,511
353971,124
306438,203
391717,112
403642,0
505108,0
258010,153
325469,76
522536,1
509624,0
507879,767
239748,72
648662,33
468964,288
387946,75
259415,651
474817,95
508066,32
451171,441
508943,0
398825,76
503790,0
18471,979
318181,926
217510,788
191637,1025
504920,977
503825,0
525594,470
421001,116
308045,171
244218,253
549454,435
347868,108
538463,374
351709,66
528488,1405
483625,1627
299388,131
428341,0
190968,521
499373,34
506340,0
242090,191
531652,0
351897,474
522064,0
622096,356
3741,577
472549,28
513552,0
501931,0
403090,0
382890,76
357407,537
401863,180
472255,0
251596,641
262405,0
332381,1326
499968,700
447304,0
502568,16
628208,886
331348,26
271931,160
306577,275
649739,0
589007,2023
328757,0
296069,477
429994,535
238236,699
393759,756
605061,364
392370,0
452317,0
378430,76
18679,446
248918,431
463303,0
409573,73
467786,1322
287867,182
390622,1221
191419,553
509382,0
333850,183
14359,704
250874,1510
277454,137
605659,0
595938,65
468670,0
357962,430
215114,1491
398596,0
648191,218
16565,1830
261155,508
520938,0
323501,76
14407,76
390336,70
337717,291
349001,579
385377,0
493036,0
482301,870
442692,912
521226,47
266782,76
380455,0
427732,77
237404,376
13640,183
292403,0
278013,614
209951,1121
414540,1024
237778,524
449096,0
6622,575
435108,139
531451,0
509781,0
477699,418
445359,0
519954,0
351900,660
369643,672
396275,0
270005,83
386770,110
418456,66
573776,34
253487,1922
432952,92
306175,212
590111,0
436274,0
456675,0
294247,1168
241945,1080
546624,448
407400,281
192707,1922
541704,282
500079,543
388273,0
187858,1975
538722,0
211126,0
501095,65
449748,449
333059,29
333524,470
512079,0
328747,7690
361726,76
449020,359
671080,34
316578,1601
192538,889
455119,34
197526,252
509096,453
511063,251
441699,72
224947,462
391861,443
510934,0
459716,637
423235,0
393219,466
294275,1231
372323,83
509893,0
472403,856
514924,0
317579,713
472185,0
430220,2747
398824,117
669458,0
241141,1196
16795,204
407424,113
345673,641
249993,151
431,756
14982,123
545671,4309
508988,0
517071,0
307913,485
501817,373
274983,151
621693,311
437793,561
360245,324
524868,769
438190,88
542494,62
559049,482
507352,438
601169,0
450859,0
380136,123
448074,0
284679,645
309845,323
414550,100
13983,549
460588,349
481405,87
282834,158
251185,359
479377,0
16608,1930
385766,56
345093,71
373250,356
427292,0
304943,0
478492,1294
448132,0
446614,0
407366,135
525818,385
327794,484
634961,1872
311573,531
301660,1281
8039,1474
267932,152
453528,293
391793,0
301871,974
627781,38
203682,225
244794,573
354815,423
507175,155
465392,119
354417,459
507295,0
550500,0
311254,437
566094,553
304552,151
307370,534
432209,0
495464,99
368412,573
262383,285
429886,0
458710,760
424323,44
279506,151
386247,60
6596,0
417416,1010
372614,197
309242,76
518992,0
7212,3410
492108,0
509578,35
618027,0
400206,43
335491,215
427630,313
194335,893
264612,70
333061,867
487365,528
259404,487
463031,0
311210,295
378039,573
299610,196
322407,1017
410486,144
506564,737
260498,152
243139,239
407769,389
278115,452
423036,1038
513788,44
410043,77
441417,482
439522,0
363333,21
17854,1666
457451,693
403450,38
352751,2060
540272,3245
535103,421
536851,0
278653,4332
506118,86
453277,266
321817,0
504278,331
426,529
403581,2404
18213,569
509542,592
531062,0
406246,0
570950,2217
234611,2255
518109,0
562908,799
417162,0
443561,433
436144,104
17340,1126
475315,46
528914,456
506483,34
289088,828
393900,0
392273,0
452568,0
434889,33
592846,0
579390,618
540329,143
631348,168
314353,0
277119,161
317479,0
248111,105
643983,614
235808,430
507911,569
484983,120
278104,745
652945,600
486954,142
492804,456
484869,204
255467,149
501893,2153
350139,0
529502,1348
409379,114
445395,658
445073,272
426632,0
385729,1686
245042,0
16719,790
617118,433
558135,93
525667,477
258796,151
525896,675
510573,104
260865,717
260416,881
496983,450
394161,103
301838,0
480760,313
215589,1209
488648,176
542456,37
419521,0
467941,0
651603,553
281296,87
389456,0
439170,0
641989,83
496668,34
3607,625
291065,154
276562,84
315491,190
517280,0
506673,55
420958,0
2350,1377
510547,0
600113,0
317674,533
10976,4011
347272,190
286934,151
406334,0
210774,1023
371023,209
328041,76
440352,0
420540,21
340099,893
410469,144
495630,308
355748,1478
440080,0
216583,890
2073,4147
445815,0
513180,44
594723,628
418628,39
444939,838
575939,1108
471088,0
315721,76
214445,487
338406,768
416929,0
426107,44
313956,9839
448844,0
655650,0
14346,2470
308351,1700
528507,484
268066,191
254855,500
322662,2059
503208,56
507327,108
338276,478
14578,879
427654,0
208153,740
473938,0
492393,0
263619,2632
351855,817
201299,297
628552,0
527122,1420
192548,1044
14369,437
449539,56
499426,53
468640,84
423242,466
264346,535
276532,271
461606,0
403027,648
517185,545
494537,0
428262,51
294370,2120
423311,357
272572,152
289344,810
427317,107
427014,379
9386,634
528557,380
549763,35
304650,0
449080,94
555775,2078
444040,0
252536,77
262526,546
447746,0
401704,47
452717,0
9192,76
258000,146
353956,251
257650,508
427839,0
253842,908
435984,52
405419,253
217025,570
195414,2322
434358,0
408253,3675
451925,1049
641107,0
434815,942
478466,0
489914,0
422122,594
356707,3055
260231,0
349775,76
645545,0
268796,1476
462351,46
316454,38
274999,235
408400,213
417308,335
549544,433
393986,291
574138,0
326960,158
494944,192
613523,337
17072,992
542260,390
277952,653
433744,122
382254,46
383586,1203
511543,0
229658,598
489498,34
462602,704
19445,1208
608941,0
478906,0
296689,171
525463,0
450057,33
564473,0
421902,44
20701,626
493460,108
406022,303
448186,0
484336,0
384665,50
452535,0
644554,33
635350,0
335469,457
380062,1134
415731,0
458274,34
475231,88
426178,79
523317,89
277172,0
352754,831
235057,944
526628,68
518345,78
565654,0
468110,90
429517,0
292423,157
623972,1876
422078,133
280166,1203
457366,41
274563,1066
294658,572
236910,528
372338,927
441309,0
255034,1019
6946,1069
415856,0
352576,76
341391,155
508280,333
291915,558
304326,1447
14150,1416
541654,0
501832,34
571354,162
415872,104
438331,373
509015,75
778084,0
302918,1014
422809,0
474709,41
535238,0
296978,728
276272,149
467833,310
335852,35
307235,790
406903,36
314606,2013
543988,0
354733,104
261987,166
485848,49
566527,178
632800,313
630546,283
507567,0
198900,593
341129,79
509323,0
3305,625
295618,475
433502,83
441026,0
533408,0
283802,240
406278,0
494532,393
571261,1330
417483,373
227791,221
401159,256
645859,101
15448,1000
464802,86
456585,158
505582,206
597554,0
495236,308
462779,661
379491,91
456559,0
541324,622
518617,0
235875,511
441067,0
557256,106
429819,71
525157,0
428265,0
410219,133
460220,1037
449543,0
486464,18
641028,0
569724,97
584300,0
514716,70
525376,1
632522,79
290129,949
502660,0
291971,170
494482,525
502198,997
328818,177
312016,481
250726,898
329898,168
15667,1982
404645,112
262275,6873
501896,0
250722,528
6806,386
236581,165
236487,310
361898,76
486079,665
421000,101
301381,1
248903,485
285141,153
391892,117
526900,679
557043,406
452712,157
482924,230
255286,532
414311,0
250122,0
403355,136
245902,2816
267224,44
484836,118
424988,0
266299,564
203605,1594
429315,119
426197,0
427017,687
238237,1106
394357,142
214841,186
566471,972
364017,71
342826,123
513609,0
550135,1056
427697,0
426987,1188
400181,65
503375,422
252868,1029
222488,76
17354,158
317970,1060
502586,0
454493,219803
405941,109
614707,0
379932,0
247612,582
531395,0
304483,108
418316,182
401296,0
247794,237
187697,710
306237,0
471160,44
500142,0
577902,1936
325204,439
449882,0
340219,4116
593216,33
541789,0
18384,635
399012,113
348814,0
202360,169
531854,259
21147,358
607841,2323
538074,0
435204,0
253923,431
390678,0
504918,0
444004,2163
401441,34
543285,896
217780,350
20721,737
303466,421
345427,2101
393178,499
503497,0
457377,0
467538,0
440324,0
460981,193875
314385,219
493435,739
405493,116
513919,0
545653,0
476324,302
295160,1227
405590,130
281808,281
496444,0
421714,46
516045,0
307032,105
283115,76
487078,118
370971,337
2559,327
433251,95
315273,3479
549158,646
18723,794
338845,115
481555,0
331719,635
585467,0
508042,0
454988,325
191503,76
540757,144
332255,11342
286447,741
383911,195
256500,374
432671,117
280798,45
293480,67
540157,0
246773,1140
396276,81
444841,77
535069,520
312486,150
311320,0
11778,1329
194604,847
523225,256
8677,77381
14553,3184
14345,595
650430,0
566671,163
553855,83
437703,1349
268016,239
545107,65
272623,504
213144,136
347,319
211693,640
308115,189
259525,509
277560,0
632232,0
376504,430
415306,0
427299,460
375773,802
274871,515
322961,0
383421,350
471775,0
503524,0
444992,113
505207,0
193108,2405
400028,92
377742,406
569922,395
541719,0
19253,152
371371,0
652739,755
352560,157
437483,412
539973,0
458947,0
333868,436
395131,0
669525,470
461597,96
454624,0
351598,754
248611,376
196034,222
507509,472
470732,948
338870,445
339180,3313
585285,251
483197,48
422299,70
354393,800
454484,121
639072,366
270277,1195
444848,957
472896,21
351662,286
253342,0
440420,0
444791,107
491115,968
637877,0
257060,152
501566,0
581109,242
345243,1434
263927,151
707953,43
226524,543
331908,2656
258171,76
7479,2447
382384,72
511417,168
614700,46
431398,515
510792,0
503799,0
301635,4601
513385,95
471810,91
484791,103
276121,0
512242,42
421364,1086
403455,2282
384131,265
494099,509
328524,151
268498,149
205622,316
439699,267
603236,23
352904,105
440732,36
443245,0
407014,121
292070,150
424829,43
477435,0
518794,0
411814,0
537602,184
426167,0
474906,1638
265323,545
5870,453
328698,1099
211024,683
24204,455
251843,150
347712,163
385271,158
514221,0
438260,739
303692,496
626749,4382
318926,971
243317,0
320742,121
269775,0
337762,4115
193174,252
404028,360
520943,0
545563,44
526579,0
522832,867
413761,751
242813,534
302201,966
647556,2007
495815,1372
521962,0
494003,360
433675,0
491958,152
526340,431
550527,127
295279,151
279960,0
312663,336
633353,484
273532,619
405909,459
418170,1145
477064,0
451916,99
385285,220
21793,1199
395052,262
237000,116
301262,785
587547,820
405599,121
404627,204
296766,450
290144,161
531821,165
411761,121
485255,0
350228,76
557799,430
655344,1094
236171,240
235900,127
354748,71
288475,1172
442071,0
421585,318
519443,12
257154,542
313400,680
543077,40
560933,0
501551,526
485484,213
321560,151
485044,69
407052,44
19358,1054
430772,74
483932,1237
535736,72
387008,65
307228,0
531649,33
509694,563
272039,427
17213,627
453120,491
272543,711
566666,2086
509016,0
318908,71
269141,0
599574,0
524068,393
12048,1121
339134,1645
16621,509
192657,0
391114,440
13944,972
606671,0
475102,0
260760,0
402382,70
422412,119
462215,110
491751,0
304347,790
574655,533
237841,708
484616,54
433157,444
474251,0
532093,95
425915,0
404478,0
16453,440
340041,0
550671,1413
547545,126
559881,999
18782,1533
286901,607
385693,0
520363,0
279654,1138
458825,940
393353,77
280369,1156
398773,1112
499163,65
522290,177
490791,151
455042,486
344629,145
443355,0
390545,34
292708,192
19008,972
416119,0
347364,2104
407274,120
230300,1109
479403,1488
444526,33
245388,13370
401723,777
307206,519
553166,0
643290,87
248762,503
383724,1009
485534,44
631782,70
399620,558
386491,0
420765,0
249432,759
356297,76
306567,226
189052,831
484640,129
315855,43
280292,152
332838,539
563579,347
396699,34
344719,303
656846,3092
510800,0
190012,3428
505430,0
6741,0
253744,1243
23938,6064
11124,102
288047,1223
327468,280
290806,0
549807,34
478519,0
201198,229
445335,0
443652,834
13267,840
422079,42
429126,0
297095,91
509971,43
423457,380
440858,234
426152,0
325751,4556
470817,0
394052,78
530820,661
426405,0
378258,48
433626,420
512280,0
511650,843
504171,379
539,625
436574,0
484773,418
456574,46
420951,186
477167,848
198164,397
485354,447
197456,655
464895,147
385436,0
427294,0
586835,435
509485,0
322576,219
197201,516
510330,44
406927,267
14642,995
368602,1340
445268,267
606701,0
517868,124
196196,791
17195,0
518807,0
354765,1010
315112,200
395132,212
3791,1251
265597,709
302144,318
505209,1341
553271,30
465773,0
300851,61
565845,33
310145,79
13728,1546
304091,155
417694,105
449176,115
510956,0
420055,0
256096,4651
382825,0
330192,1135
260912,155
260433,426
504967,2608
488349,57
434181,0
408979,95
445226,132
500619,44
554561,632
537701,789
507219,822
560506,4562
419991,0
373182,5952
338611,861
435110,284
465759,525
520055,391
443847,184
443082,0
346320,76
242543,374
430117,101
503826,0
521019,0
610923,0
438474,805
656026,1156
560625,122
617784,0
195967,637
481144,666
508560,248
252469,0
407859,76
459596,45
296207,626
439364,0
455463,73
469772,467
508349,0
468499,582
339174,763
575201,1329
504882,79
586204,102
262471,455
675076,0
468226,508
407171,127
241031,107
317319,178
502976,0
328626,3502
559219,0
306729,197
354624,649
491961,2126
479032,44
243887,3239
3827,1235
305565,1183
430935,461
428011,35
481054,678
536793,309
505044,0
340571,265
592501,5230
205291,4998
640506,0
332732,13976
559553,0
334050,785
336873,680
4760,151
658417,34
7316,1226
445000,32
383693,1263
509541,663
379286,835
369171,301
305053,371
389352,76
343855,380
414258,0
495907,531
556574,378
621487,2987
445525,0
258640,153
472881,365
545745,0
448750,105
201218,595
568560,434
543820,0
481476,45
193238,3612
559321,223
509329,0
199689,919
420929,0
236055,553
572387,562
508489,31
279434,157
254395,431
509306,431
442638,0
208417,0
355345,1096
249562,974
407596,289
625279,0
542394,230
283030,1007
352031,0
250234,669
422352,0
298759,2249
480642,0
379974,683
381009,79
277366,1712
440740,0
481745,0
259166,154
278138,525
310665,0
513267,122
392018,1060
307013,155
200661,344
417884,0
516130,0
400589,38
433669,0
472823,458
549182,2471
13184,0
441339,502
435897,0
645767,0
435978,0
520095,66
564822,611
4549,76
623826,263
382615,2473
335629,956
544064,161
307751,0
516618,0
302642,76
496790,44
305455,0
331948,715
490787,338
286958,167
436207,43
458227,0
448258,0
216736,126
484851,188
7715,1240
492158,9219
373934,0
245958,77
411778,92
327165,327
370880,126
491230,332
533419,0
420290,450
451344,1117
438444,0
404839,455
455272,45
511251,70
396630,33
305890,190
478928,65
525658,104
595864,712
239494,806
483978,532
316365,629
246847,76
413833,486
431336,0
540689,183
545291,0
594362,710
303885,519
330418,1073
509396,0
336323,636
20806,1074
247640,481
260891,151
447623,424
385074,310
500141,52
535021,0
193488,823
451319,0
400160,0
419852,71
586527,2839
301777,519
430258,71
414006,152
330172,372
516666,457
316253,2442
503372,0
531835,0
301561,307
244281,1653
250462,80
11782,403
641627,217
457465,0
346064,1012
355038,462
499880,63
394770,1
573713,113
336790,166
280200,622
415388,48
252762,145
462829,0
330349,1298
354220,0
541843,1018
226972,547
538305,721
501383,0
401713,3820
384134,494
17510,642
287034,751
250167,606
13086,1796
354795,745
427588,0
525389,19
433488,9
427466,0
537607,34
463747,217
18833,5032
264556,611
564957,104
469138,0
333776,153
524402,503
9856,871
311845,631
529582,79
15790,547
439393,0
16644,691
338835,127
507530,0
462729,0
508313,44
381106,472
315923,0
408208,232
292558,493
276492,1041
346994,2811
361253,280
267742,1343
492661,96
289236,0
328765,0
370448,169
409854,153
517996,511
410289,78
397439,611
426967,47
546528,1033
549831,188
329323,425
398388,82
2602,70
343118,777
404133,512
464964,499
221501,253
560329,311
249728,997
303838,2995
425999,61485
646259,605
4567,590
427043,76
417364,0
463461,303
268595,430
385152,680
520989,101
335114,1050
416672,130
394031,126
379996,0
277242,396
376377,31
259049,842
530802,715
327497,627
403081,411
486368,0
510861,0
389554,141
278446,124
494540,484
497360,0
313490,156
519387,176
472575,377
493464,90
238439,2146
547853,885
478193,0
430905,0
652260,0
484682,425
315577,0
433765,1
546417,650
339943,257
408716,140
379676,311
557018,909
404546,120
503244,427
410435,69
377004,543
301840,1652
543688,0
509256,76
530865,104
471725,10
471508,500
515585,267
425633,333
361731,810
556507,289
508826,0
448905,0
542545,0
587347,600
580089,0
562053,939
264187,872
537345,144
190218,606
426430,46
215744,821
294174,324
406443,543
507848,0
546067,39
504517,1491
422056,0
219310,2722
439169,0
348913,797
298105,95
341754,2079
253460,977
521228,0
253850,152
484597,0
652284,650
305957,0
396624,84
13874,70
256373,0
495980,274
510914,0
518945,808
221326,251
338453,421
326487,175
652225,192
621216,0
644542,631
511606,40
637186,338
550498,314
231402,441
314407,152
373650,664
525781,494
525829,591
516158,488
425728,463
458056,530
513780,192
195424,851
501370,114
336902,105
261177,71
430593,0
535781,43
518804,649
391016,167
368530,24
401556,0
512159,0
304184,921
472949,0
318089,490
621738,0
327500,2118
212003,97
407948,101
562822,35
506958,38
616895,497
250898,114
626526,0
17568,688
291809,2650
575932,471
614456,327
475583,512
408634,219
625832,0
379835,834
292502,151
393452,125
267340,556
372288,492
387282,667
433517,0
292506,547
440888,44
340526,216
515700,0
439645,0
487251,36
500244,73
378561,440
409792,409
436323,284
8634,530
407690,0
295446,79
428431,0
268827,467
373426,135
356991,1232
508375,211
428323,98
575634,820
458478,1512
270043,892
287505,813
387408,479
508642,0
254697,676
210619,41
542984,0
227882,871
476117,0
290249,557
544579,2111
281790,880
491869,501
279223,399
268833,0
221381,843
468807,0
493663,950
436942,35
598760,0
300271,0
331484,1871
275519,156
599070,0
528588,17
416982,44
236090,390
540645,53
273863,981
399884,51
530969,818
430965,0
421198,0
578842,566
516976,431
479030,0
449130,211
238502,462
565779,460
244745,824
604277,472
314356,475
510831,33
404803,154
515285,157
257663,512
421068,0
526575,627
528489,622
246420,1755
402461,187
436782,44
381295,35
463117,0
475555,1321
465185,83
458829,613
343939,343
571586,1011
617268,1877
536030,270
238701,1383
674691,74
497350,0
501669,798
341646,907
587096,62
537378,65
536555,48
507235,813
455150,1240
392314,2835
291327,1313
250739,160
439864,86
12626,0
323934,12
516519,50
276695,157
575004,42
420359,109
482894,0
531446,95
456415,58
435844,200
218192,312
410210,232
555357,102
491408,610
637163,651
217585,152
445738,330
509733,127
336895,799
540196,0
550747,209
440747,311
435510,115
256450,156
390579,127
508261,38
19148,2986
509777,0
523720,289
531482,80
560478,343
409551,958
573906,1095
8317,7952
269780,71
214570,1237
407968,149
548943,0
481906,0
539951,158
258435,150
679626,455
385699,37
213940,704
386614,1534
385274,944
551745,278
194203,480
645057,33
512741,0
528278,31
398543,509
542086,290
420769,595
386520,76
440723,0
384650,491
467495,594
301979,2412
424882,0
423394,0
19951,911
617656,83
409332,133
292685,664
468866,0
429834,34
288651,504
8263,1467
243548,1718
7681,608
421914,424
442531,0
530198,83
350388,134
484959,0
574038,4792
395219,1057
380177,77
507883,421
17489,1233
412432,555
8850,107
307486,197
255169,518
17000,5964
365492,97
614035,1289
529848,799
431522,0
329774,1600
529683,367
549957,367
455242,0
686055,3137
261663,823
535725,20043
375652,537
583042,1202
19129,580
11299,1322
229104,476
193432,771
677611,777
256211,151
449609,361
512801,0
673200,997
456203,840
316776,172
203807,1764
511528,0
497815,343
345924,0
459933,1058
250668,0
614496,733
254747,1168
277059,0
382998,0
338561,165
346855,907
527398,106
214809,42760
380635,219
562885,73
492950,1533
216670,4169
543103,0
468672,232
339108,138
286600,154
533534,0
586570,114
296556,345
525847,444
317172,713
576254,1187
492411,37
239376,548
315785,71
263300,125
656272,23
513253,0
419417,0
411562,358
465944,256
286921,1141
328146,4130
517651,0
21300,571
301465,651
516118,355
306120,749
407659,88
544996,34
463345,164
318986,198
306817,1613
7992,991
311318,117
263603,1052
521466,427
266248,35
675728,678
14952,3325
315142,0
645747,0
273193,151
426518,0
530160,1589
326677,76
511359,333
500474,0
514366,115
322778,588
191934,479
485296,113
444773,0
481120,315
471488,841
483973,322
376209,31
560407,948
380377,0
212894,4731
646431,454
509117,0
544732,52
354775,137
250704,425
451412,1066
484082,0
433897,55
660282,1258
513859,0
500707,0
554252,34
311933,76
347968,1092
369651,1184
517625,508
414180,0
511512,45
401099,0
407705,64
563756,44
515055,0
385972,0
461523,478
295080,844
448985,480
519317,0
521185,0
627905,117
334072,149
332889,759
383353,516
677099,206
282023,485
191446,2791
262274,738
300725,798
514171,0
449135,0
334182,980
339414,285
188865,789
384805,636
390711,512
2982,80
317020,0
375840,48
511798,0
529667,977
359814,42
456804,342
223521,817
578700,160
492782,2039
288391,825
456503,0
241508,667
273860,109
259726,319
553182,484
264988,151
503037,0
193352,1982
268438,76
308464,794
234561,945
324251,272
321709,192
264517,747
255345,6032
439844,107
338246,875
612372,1273
396839,29
589494,3410
512058,275
533912,143
677452,0
475842,711
481343,148
262618,132
650208,933
444167,289
565798,767
388047,410
500184,72
234616,159
295653,1097
521895,325
404039,0
549542,52
12961,2110
650860,0
562718,834
371981,59
264841,1007
509634,431
290286,1366
450507,152
513259,0
240269,389
655604,497
368299,1063
16649,434
345303,1004
371800,38
452078,98
534010,1644
303530,565
221129,56189
503910,52
328384,1470
404923,0
537619,151
255146,793
316258,0
468835,147
445210,0
305560,933
2231,993
388936,0
280715,109
305539,0
269901,151
513939,0
194410,970
11037,574
368327,459
582722,14
676619,1155
248515,152
495616,62
550422,123
607568,44
505558,0
256696,189
485203,274
514853,670
485097,2166
620858,529
420824,595
296040,812
406512,111
524828,262
275972,3003
524409,446
289811,989
390603,0
540633,2153
211443,140
503694,479
187789,1054
519409,0
367321,62
651357,588
367876,203
315393,4261
18469,115
436776,122
255395,778
417714,0
510631,0
481746,0
375763,863
375200,201
365210,519
544369,130
509398,0
13238,980
500848,608
500826,0
228792,2650
332469,423
662838,2090
443524,0
548336,0
533589,0
15139,1117
350074,198
240528,161
648579,943
270019,119
236083,150
259145,218
193084,835
341892,1421
508650,0
521154,0
439517,436
525305,484
357416,1251
482313,334
551023,119
517318,71
376364,832
260210,4412
522499,771
418782,1167
249806,759
493877,379
430484,1078
376669,577
402147,0
341193,865
509356,127
501472,361
502412,0
528348,424
520931,448
385878,0
610894,0
614071,436
541623,93
451196,97
526753,0
444083,158
482968,0
20388,0
600562,0
277111,288
188365,1454
648906,112
501966,378
557455,154
497916,0
439227,38
512818,0
5713,501
229002,510
12357,5642
474716,0
665902,0
379581,468
229878,304
451605,0
513644,0
448209,0
596708,0
392480,504
465860,0
510263,0
270838,0
258728,201
579593,0
594572,1000
443136,33
216522,90
632984,121
195837,1177
547478,89
334811,308
583926,1021
303342,812
510824,284
428669,279
499785,1020
465307,63
233030,234
555531,0
317548,402
259445,154
521421,0
675275,822
405979,46
493778,2128
595949,0
335660,1400
671759,565
614741,557
19379,579
579160,847
422310,528
421851,379
397612,107
240908,1055
452902,0
363666,467
531408,784
249692,162
439651,122
560196,67
347313,53492
516720,0
546472,0
453244,349
529412,214
677014,0
372350,157
284291,339
404527,0
316229,273
415089,0
383627,240
441734,369
259204,0
249647,0
431409,83
565700,388
467552,35
329130,929
389824,0
535957,0
345497,159
409754,828
583350,13
299216,76
652592,0
319595,718
390810,103
581260,166
604830,0
267334,238
665971,492
452445,0
518593,0
586756,609
263685,53
541856,18
301080,921
22731,2082
8815,1157
344901,1088
649834,0
507974,0
260299,425
324421,150
337974,1055
449845,755
252120,158
543812,236
358810,260
448872,219
19401,1760
440671,119
500767,47
243270,151
468822,0
433635,0
676235,0
19711,434
453132,745
237561,1604
306270,169
468206,0
479660,0
459422,0
403479,303
521691,0
484844,0
421106,0
529250,878
234996,457
272564,0
237635,615
569119,316
573947,0
306407,1132
530833,189
300265,37
508720,421
403323,76
430534,33
404913,0
377641,282
299030,0
581111,2680
612532,713
680699,0
212556,648
527594,621
370622,326
333799,1854
511972,417
570375,39
613147,1338
430804,222
513112,208
560590,177
385623,48
560762,247
492178,898
592007,750
497440,0
375028,48
429298,0
311949,977
509036,0
193699,135
476707,50
262030,317
259565,527
613952,459
498805,0
412805,790
386329,1699
12061,2404
15441,72
298054,2532
429950,657
455295,6577
504204,0
305561,1057
189311,1245
500416,0
21609,4153
416294,0
305709,0
416361,140
271153,1593
595972,31
404352,1482
20905,807
441585,70
426579,0
529788,363
426146,787
579057,457
517153,0
418708,489
479942,579
15926,2639
385955,0
410174,342
257407,0
431192,0
452818,55
354383,0
484947,99
340269,945
294209,79
438053,175
20989,670
452105,74
466070,49
501295,0
528550,0
379242,137
511350,0
420517,528
401995,0
554228,147
243510,1043
671615,452
551200,27
307991,76
612427,38
210628,156
274508,1442
411725,118
337552,2888
665530,88
281211,102
641550,751
451903,43
428996,317
579801,289
492406,46
543017,0
650532,0
568806,110
482268,3393
290800,1400
488936,0
449940,102
411585,101
282996,790
297370,0
16595,456
509875,0
438679,6833
414377,74
398438,0
15389,1401
520823,0
482688,0
422050,486
430312,0
346080,0
442770,0
478830,169
372581,83
261501,4475
243959,1057
313358,7321
436141,91
338915,283
448043,57
16740,999
474505,71
283209,1658
491890,1083
325157,427
423549,485
338787,83
509684,36
418760,53
355902,741
295057,126
367467,96
502338,0
508955,0
19408,1463
23482,1031
393364,465
407625,43
664661,472
517767,0
625680,0
193653,888
313582,339
494322,295
21051,744
294717,614
334342,994
475432,627
491628,431
10575,76
193933,646
277409,0
595886,0
405575,294
525383,391
613326,0
681065,323
226473,300
473272,446
370619,154
326034,323
575804,2169
383976,1801
443867,0
298541,91
535167,0
399225,1557
457154,2604
502438,0
275795,201
372163,286
479422,85
409380,153
457699,1313
483346,45
270228,78
534944,561
213076,1682
416967,905
289952,179
458768,314
379750,0
16601,1243
216557,633
492751,279
486459,557
528922,5033
645662,2373
423518,0
650479,852
571426,1039
550730,429
234578,1531
339949,1025
488926,1377
482904,52
449209,0
549515,1054
249079,530
396774,285
514452,0
621052,1083
440741,61
516453,0
492783,0
546501,42
607883,0
304964,518
382558,76
388062,0
356091,1251
608196,107
463223,0
252794,131
324741,153
605090,438
390063,2249
404296,337
407020,29
430062,0
643865,371
323843,703
393225,1054
504823,214
440843,248
596050,0
541725,89
500133,716
333565,542
569963,632
306616,1160
446852,69
508302,118
429345,0
237602,487
443396,0
371831,0
8318,3261
326433,107
349331,0
415305,127
517632,34
401433,206
259753,2314
244640,0
439722,106
289306,476
667097,112
549534,2887
503306,463
312065,194
522096,0
497395,151
335925,6554
440092,81
385899,968
279606,0
260224,469
325854,163
370398,749
310801,76
357640,76
522156,568
371338,1313
426003,0
382304,190
509393,0
557420,171
541970,356
492477,490
281162,547
259487,913
540352,489
467961,952
300200,275
319055,9255
403537,47
248247,1036
535741,36
541813,0
387395,0
383861,986
444162,77
357596,76
516154,463
251327,667
319721,350
239292,499
376145,295
383031,60
681706,253
552706,67
282417,868
549967,110
17486,1833
584644,0
545039,0
428238,87
612901,0
566239,451
253598,3735
664867,2432
434298,466
225171,1784
462167,126
483305,44
269405,594
519339,923
575020,1034
294578,2606
503483,0
508371,104
455302,45
272007,755
509720,0
547362,156
235085,153
591841,25
530022,518
316907,176
327336,487
402590,520
14589,1423
488229,0
362242,76
611146,547
195929,10782
291487,686
336755,942
426143,4049
279509,151
486136,0
346496,447
632486,0
614405,0
502641,237
505400,1105
431638,0
534685,0
377318,2098
274132,417
458512,429
438626,0
235512,1564
260550,211
240091,193
371154,0
424658,342
19654,6036
614785,1543
660338,527
531679,476
348075,0
443669,508
292300,0
233294,294
338449,0
310473,393
371459,624
235932,366
234997,341
509648,65
526052,345
367639,76
260228,0
405795,1138
356164,860
376336,0
418937,145
306416,417
272618,503
652208,0
195715,869
13219,1030
250847,0
646943,3344
416707,130
411779,484
418321,120
15492,2084
685603,237
618348,0
511566,62
258564,152
271763,635
210571,351
417504,485
389608,961
382645,76
422245,369
507923,34
378102,134
515893,0
8926,401
385419,305
335160,509
409411,318
484488,0
618013,595
7637,312
677662,0
255715,0
508243,400
496880,109
302307,489
492295,39
555001,413
322512,811
428274,0
464570,199
437879,72
513802,0
580443,468
394541,8284
406699,0
456980,0
593185,2621
334785,8456
536958,310
260809,830
504853,0
196810,7340
677686,619
443794,58
301956,184
258610,151
549609,429
573103,111
289390,7096
434411,231
331401,482
484944,415
255712,157
677476,1621
526904,0
368357,1141
505253,90
199193,328
260566,756
575735,1
21986,454
339193,11909
15225,1241
574634,88
681581,758
370847,134
549428,1732
491384,361
574670,83
302524,83
503642,91
218832,2932
490818,885
387248,786
485047,1110
355046,1402
669375,2569
542804,2641
372867,76
323631,379
302689,83
386444,0
427387,0
410030,105
544861,674
479088,47
523931,1899
268820,162
455810,0
22789,10014
501519,3855
576129,0
496866,0
420053,0
504730,935
367928,1180
393611,95
288788,203
299564,0
503959,0
529453,907
608923,0
280,13169
427550,771
192670,1032
16093,428
466312,117
401399,1525
332065,1037
531787,0
430479,0
339166,0
520353,0
335888,1747
205532,4918
515546,0
630063,47
241173,1140
465981,0
252286,76
377569,430
542108,153
546825,265
433875,0
545754,122
539232,319
614415,357
407533,482
221310,251
567506,137
391602,164
501469,557
351282,0
7383,6732
441807,0
669345,0
526400,1106
437028,481
453435,0
305633,0
244026,188
327216,147
636572,420
259073,0
258742,0
255330,0
502908,0
601680,183
385727,1066
514195,162
13906,1433
530553,822
283346,159
294943,106
290391,146
530786,547
550060,624
550286,596
379252,398
531445,0
422979,565
557621,52
581268,215
423312,734
406882,144
406923,88
256294,157
405348,648
646310,266
549686,0
419545,0
618762,1112
430020,220
671455,183
550911,615
217110,752
475180,0
482936,0
324110,245
403020,0
347863,82
681488,0
11004,71
297089,172
477011,107
545318,1160
441813,803
197786,1112
418547,0
494623,1655
241252,255
575807,0
541316,44
617368,1363
236597,647
282814,5823
445297,274
540308,257
302648,855
682974,3166
240287,1407
300624,506
422251,0
487530,0
259833,830
20384,7204
438822,68
448717,550
411458,408
514701,0
506225,387
602200,0
414708,99
514916,0
437883,0
456,937
468690,2206
544410,0
507106,71
507453,396
292057,954
480289,1517
443003,695
517566,0
241304,0
321301,1099
490287,422
545989,73
397501,109
576316,690
374942,0
457630,79
4463,564
552249,458
419610,0
651843,57
664469,198
307988,625
196041,960
648593,157
547663,0
6348,2342
671580,511
319474,415
531653,1210
485052,366
378086,103
210580,72
520977,55
569258,441
339785,1026
397441,134
531414,554
539640,0
578869,766
427818,37
424452,0
409957,112
417421,0
294438,1014
460653,190
407535,157
370322,42
498476,0
551090,556
303990,0
477615,0
513735,200
586642,0
256829,157
2282,1049
248035,290
404554,103
515387,540
359098,400
455882,577
390709,105
678120,166
505170,47
670341,0
326785,322
322780,349
15129,979
679629,0
437559,0
288936,207
490240,0
509756,0
529812,264
188420,3909
420869,663
325238,814
380418,271
488914,0
426616,0
574221,188
502935,80
355738,495
17360,436
453573,97
420906,661
405350,110
478716,383
319999,245
534314,32
556102,108
17935,723
420045,324
255202,429
396394,472
544047,88
288023,244
423315,518
229577,866
362358,437
443870,79
526995,0
8145,369
519142,0
506552,0
587273,0
339862,628
497738,15
348410,11
547327,0
532624,212
454818,769
452015,0
258099,157
440287,0
506211,17
584981,778
303090,779
500965,79
360962,0
449793,0
429199,0
480763,272
415400,47
399892,1
419660,219
328689,947
13201,489
465639,44
540152,782
541225,438
486677,1037
436648,85
516679,0
257804,420
260996,156
469959,333
265818,443
576065,485
632587,773
396046,1014
318153,1085
340088,170
328883,508
356241,491
283402,125
698296,211
422758,99
426444,762
356743,1274
312383,0
452600,0
507236,0
296422,5714
495045,1
20771,3377
388353,76
345474,941
18623,2730
508678,340
503101,20535
415523,0
4353,1224
518323,186
514724,46
302599,860
529479,533
320343,1102
328716,49
236041,695
382803,77
18158,744
322610,36
411955,0
643330,553
228218,636
436269,0
475128,0
504327,192
188186,1047
629540,0
528107,0
253971,2690
466688,0
276958,150
16715,1764
250497,150
512379,0
505324,32
261532,177
239448,681
638083,962
402722,471
398319,698
255540,505
405259,272
287183,77
404986,614
516405,0
518934,739
455965,0
379180,76
543042,126
14882,76
335106,2129
509926,0
517994,0
494198,629
507897,0
12518,844
434783,216
491122,2360
445475,50
307345,223
332601,958
446293,175
10428,1975
450255,0
350625,898
548252,765
490439,0
216710,2450
452658,422
550552,756
532747,687
379818,46
708978,6
567726,0
569400,64
455060,205
435944,41
468660,0
490026,173
502822,309
547914,0
448364,46
456591,0
373379,49
258438,150
347285,373
432062,0
574305,116
530679,1674
267020,295
313214,987
494652,34
484076,564
279980,1091
660970,0
287925,174
424774,1013
472680,47
436827,87
275020,436
446921,0
534207,0
8109,161
17285,0
316197,390
400119,8336
300485,211
308387,1986
284270,1296
319857,473
326826,240
385387,1249
335363,503
425100,48
244986,0
421335,33
245065,721
507376,67
352764,983
453109,122
316080,151
493210,614
639008,0
254892,148
19430,1084
528591,0
402589,539
406363,217
427870,336
326052,4329
353603,1207
11944,12046
575449,997
250839,1689
445372,107
514764,0
513194,549
429863,65
577752,8043
386440,76
436449,0
392597,83
571787,157
568686,45
316514,1041
443114,440
531250,1403
454133,0
443199,382
527221,510
531847,693
548288,0
403448,0
502168,0
244257,932
414240,1527
647886,0
468689,0
237236,165
253832,709
503711,43
241139,779
344946,1332
315779,77
313359,493
255500,951
212495,932
534130,405
523888,2262
408838,0
385126,92
344987,576
298693,188
458316,562
388440,1046
506874,688
538356,1147
315523,3293
384458,1416
23091,1771
530495,0
442468,28
383887,693
568850,329
383562,1129
8968,825
471020,1285
332332,561
639912,62
508687,0
18116,5673
549764,1827
425589,0
385038,738
512514,0
241229,1168
393647,79
269888,160
16340,76
540753,343
615416,0
390737,77
519982,0
257717,399
377020,76
268360,389
379367,692
256066,463
592652,84
495361,134
621730,0
539805,90
528424,0
258949,0
452734,6628
263648,471
258574,0
246221,788
527771,0
376235,736
12418,0
509028,0
262876,652
593888,341
279270,5511
408993,629
409383,441
566160,4
271986,655
478356,33467
237473,151
281439,828
257631,0
323190,566
234796,169
410150,88
251259,72
328795,484
565472,392
425442,478
226680,1188
258038,701
405041,482
290212,283
531686,0
676086,34
272094,158
328350,193
405821,0
315947,152
587112,1053
16477,3382
565184,508
254808,140
380202,0
441264,218
579539,0
571920,435
416398,34
600855,0
262352,0
257011,533
420608,299
504446,0
587536,55535
569592,302
502221,6695
297910,175
459439,606
544853,86
621069,1016
495504,56
374927,0
292858,0
276506,0
517117,0
433080,24
281893,151
294870,78
509441,0
305175,45
518175,595
310815,2351
494307,0
304336,777
269317,152
520066,252
305152,1183
477059,1492
406835,34
576155,0
416302,1173
339571,165
406885,120
646955,1716
522246,0
338874,189
315508,144
407247,109
520994,57
252412,733
258193,91
468042,1124
482953,44
375022,1140
336549,170
384270,72
258405,226
19323,1038
218142,307
277792,151
16629,971
636056,1011
523149,39
509653,0
415745,95
579421,2073
485023,1187
397668,31
515947,41
309135,4865
400014,578
472602,126
413828,161
517269,139
550240,423
217609,763
363468,391
546207,0
429355,0
529434,306
229932,0
579635,70
252184,444
544718,371
445071,184
320063,96
438903,434
409771,47
422334,44
15230,407
443172,1239
228993,337
379022,520
461302,0
239324,336
439718,111
366531,393
518594,576
508180,0
313172,229
249121,489
381793,76
489547,0
519513,526
269476,76
556497,222
299555,356
311770,489
296785,96
294019,0
355683,385
406293,0
383080,82
339070,8965
196250,408
568797,508
537633,290
390037,0
283887,17915
630301,31
341337,843
409256,469
529555,1559
224636,508
549906,456
491774,0
409227,751
420571,34
408055,308
10862,12309
402313,1868
501517,748
486713,502
568357,115
571377,69
306208,2125
506996,0
331992,1214
518684,417
574715,1
244452,558
417366,848
479109,231
267763,439
587999,6642
339655,862
373071,0
414147,612
381608,45
259143,634
241610,825
428467,85
341625,1099
219250,796
287977,861
376439,880
444766,0
266967,654
278027,115
16341,537
217117,306
458497,92
381571,687
270138,88
338051,0
441946,205
324994,68
406502,12875
336508,494
376440,106
311792,796
491739,3886
448002,3614
360395,159
581149,679
385202,1117
499809,191
620327,419
354045,570
265517,2013
300397,534
617271,0
254216,161
243781,819
572129,105
417445,344
328315,595
351236,333
269747,152
650929,1435
533303,503
628051,0
556233,246
490420,54
441552,502
188946,350
507629,465
272640,865
269982,724
409973,89
248776,136
552445,93
694652,0
297640,863
549960,0
318280,151
15086,663
368568,747
659764,0
4215,156
531477,192
12478,129
250224,151
484893,780
601036,536
373376,388
378275,0
658060,68
477861,656
649160,599
299073,411
569462,919
325598,197
425038,508
248829,680
301938,687
592524,604
411425,1095
501316,274
420915,0
306187,4284
255112,522
433811,468
606268,151
239192,517
271906,447
275862,430
461208,0
276352,101
430582,1314
425657,84
599231,671
309710,115
607234,0
306428,136
261952,153
492424,807
327420,0
330083,76
243956,0
375235,745
361972,411
377260,458
327301,0
425264,0
507140,750
508366,0
211186,653
12480,864
407515,168
335746,1218
416297,188
419386,164
394138,45
411432,626
678151,567
350924,0
436808,65
9528,516
490963,83
311425,0
384705,0
550660,908
713894,80
256613,0
334305,287
575961,52
617841,183
507078,742
16617,1779
277313,499
296060,608
196648,43
490641,712
399778,980
525710,2780
507162,491
296687,76
431492,0
440334,0
236913,1041
322615,129
250246,0
208744,947
559331,939
336594,424
561649,40
547487,0
483172,40
410949,528
215834,948
322173,2984
490173,0
565966,379
306911,708
255651,0
523510,0
547654,744
436199,234
289783,710
532387,220
493906,210
477153,150
252079,9
398101,373
19623,454
410414,352
593716,52
539922,824
459385,0
445548,1858
334033,1596
390510,91
648517,0
513239,0
448851,0
519888,0
612310,166
600465,1288
600664,0
517293,0
583890,0
405089,57
668435,324
404857,101
512312,1201
420663,194
606310,99
504410,362
544508,35
504391,495
384531,280
264246,683
258598,150
499906,0
215311,1586
549891,0
4407,538
333585,467
465176,455
430462,0
420197,0
513867,0
391777,12
462882,0
508605,94
511241,0
543788,1044
18745,91
304512,151
307502,83
254852,654
327161,427
364012,46
465192,252
556391,173
370511,0
1771,574
510844,0
358962,490
407134,137
581139,138
408884,85
502488,975
694353,0
407092,134
626764,0
10174,1043
8711,1009
413352,0
534378,368
555510,535
681948,1041
310510,146
540417,408
16590,642
232606,1809
378162,175
449546,1727
228815,694
257194,599
440149,34
435262,0
457657,0
368732,0
259437,151
460733,0
504527,326
707904,63
6400,461
529872,82
498776,130
433889,91
513236,0
489915,0
328854,884
313689,491
677773,4988
426924,43
447980,102
593870,562
357892,680
502718,0
424419,0
613149,6481
491241,564
288578,231
597313,0
546781,3000
402921,0
498400,0
388177,14
428394,474
541319,507
8156,2430
441701,34
15347,639
337858,727
255900,0
665147,259
258044,354
444652,0
308405,106
420925,0
406233,1016
509080,0
290287,83
511674,35
515594,70
427838,70
416191,0
272438,834
425477,43
642758,0
319300,0
618834,0
670944,0
469106,0
585061,44
502819,0
444865,657
531661,699
265324,877
431085,51
260113,0
418459,2961
439980,447
391891,633
414880,751
255003,144
206937,1164
409367,114
645805,352
465533,85
480795,128
510711,156
678248,803
196921,1040
259090,0
356027,470
430682,472
564010,31
500457,0
566271,89
664013,0
255795,150
323924,535
259873,933
450540,90
622085,173
566862,389
422403,39
599650,101
527807,0
306502,697
257207,380
407221,242
503958,0
400411,650
329344,152
303410,157
247655,604
359028,1312
500588,0
676528,1019
471304,54
550277,195
323070,76
6390,5437
260779,326
542622,0
414401,34
251579,395
519391,146
337410,631
278675,83
5254,2808
527568,0
570643,0
455048,43
7484,499
410595,669
541183,319
399332,0
581202,1270
682348,48
417805,0
513054,202
203869,3889
426819,39
266418,634
498126,760
236013,502
294100,578
238017,2405
272228,727
543295,0
573812,39
244823,1957
6714,8827
349513,0
489270,0
416299,278
334215,44
270090,151
269689,709
17979,1349
449634,0
402881,0
442928,33
523194,2253
10144,71
257049,0
606611,0
530111,817
318685,429
354090,306
261222,502
8004,1074
481419,215
498929,324
278845,983
455956,918
602663,100
261861,396
278390,454
2783,160
517391,0
292003,0
243300,643
566433,105
326011,788
613663,695
261931,155
374192,0
519509,0
505876,0
570090,506
581063,382
334779,582
349228,507
351194,33
291445,478
486138,97
288693,151
210436,446
373232,426
428232,60
510733,613
500785,790
574264,46
483857,32
372076,0
462833,477
546920,318
505614,0
510888,1784
348020,144
337741,49
467746,0
514572,0
238370,332
315983,76
510663,0
238622,1187
486580,65
17507,2542
547511,2057
236671,196
640575,0
544105,0
330943,510
242729,0
438414,0
19526,553
443826,0
506538,108
683606,175
253868,678
258040,150
330964,623
197340,279
376006,0
518800,0
191041,525
531581,1189
516335,0
531716,724
526058,954
668877,237
455234,651
321735,4512
278690,34
260486,150
519325,154
622126,559
506802,0
301809,144
285644,1228
386842,3064
415225,455
340014,105
290752,0
407634,68
18763,301
604192,0
411829,110
621214,0
187851,762
355161,505
632845,1016
679233,70
23328,2313
563072,277
261450,659
275646,781
451049,43
509047,0
328875,151
305803,151
308144,151
360417,0
270351,34
424224,483
515259,0
687539,0
419351,51
297317,410
475440,0
409206,34
521016,877
334828,63
325632,785
228126,34
193180,1472
521783,51975
330195,151
592313,648
310890,1327
555542,106
390604,297
506051,605
488454,103
429224,0
333643,809
295526,156
514036,0
384467,95
545088,0
671554,49
534279,0
307971,0
484650,231
445058,301
262248,3105
381809,321
509567,0
459572,0
545161,0
402781,0
517749,0
520996,0
520917,0
303147,663
321460,150
491347,553
469574,212
480383,34
439006,0
378951,521
554451,49
502593,38
670799,204
396286,149
473051,790
257780,83
262679,198
434322,0
453122,97
472651,83
551204,70
475093,220
379972,71
459219,118
304671,505
310507,995
332400,429
517208,215
507602,0
377038,469
404134,41
272115,148
547564,378
16387,707
452923,5161
529687,0
460426,2380
263697,146
309711,470
565422,436
273975,213
471432,83
550569,1113
550192,66
251154,159
16597,608
621717,285
684627,41
254420,659
442816,0
320342,536
628500,799
430327,39
420601,767
382654,927
439565,0
280426,168
538616,43
544844,795
407494,0
429336,108
305258,151
17940,420
306103,480
204723,2796
300508,358
355170,378
490848,1027
681434,0
515321,0
278472,476
384084,295
422899,83
593640,247
599907,0
213958,1583
658384,0
255840,150
375323,0
443969,83
600309,2795
243595,1532
243818,407
631032,0
502510,34
323573,0
380229,0
341131,148
313196,15405
449264,0
429564,33
349947,901
408815,730
386903,0
273708,80
507436,0
355384,432
345861,154
466916,85
556114,44
607077,496
401805,49
320787,138
323324,76
459311,0
472643,77
343979,306
319035,175
510347,0
540371,0
401917,0
362090,0
519141,0
344665,274
514435,0
340560,76
330823,943
246684,796
417554,71
541326,0
438189,49
526695,667
14988,311
376167,0
631395,0
621471,0
399886,707
368016,0
417355,1095
432964,30
543302,0
510856,0
366184,282
289203,1937
529983,155
328937,1209
328806,0
259582,77
573287,1252
475740,49
444513,0
511592,0
309798,167
544498,35
255763,0
409250,61
314233,150
309977,1850
455866,1167
242780,827
516442,80
291253,731
334675,148
259351,38
530889,221
265182,1044
607886,0
500630,1524
689841,230
465352,47
634088,0
279347,1427
316077,150
237375,429
439799,0
255731,511
465748,0
533344,470
431372,0
580703,0
255694,150
479681,0
422293,34
468848,6
231354,1128
326217,43
546844,0
508030,0
366763,895
441270,0
563972,0
373996,744
284063,71
509198,0
574742,0
330888,543
481100,479
301437,200
432341,46
288252,476
385248,34
316225,451
16830,648
512543,0
393618,10
240661,176
505385,92
235257,2090
425866,34
240779,728
463159,186
572459,0
281438,128
476547,44
532143,124
518899,178
343984,3136
381582,1177
248519,1560
369897,443
407183,411
478770,70
495438,358
318447,585
420304,249
521704,34
188147,1466
541848,0
252634,200
276477,103
318232,93
290044,894
537942,530
629268,76
293002,194
674321,0
560154,479
470504,307
373861,147
429694,99
513149,359
438225,43
550270,183
509230,0
278430,686
766377,0
415748,215
273183,1551
386213,72
255028,456
318978,1085
668872,0
296107,513
302926,218
545541,170
274189,1129
345540,181
443434,78
419716,0
260613,461
267569,105
248510,963
416633,0
368832,630
193247,3973
610915,0
419452,715
391348,92
333594,747
533542,0
320551,187
367803,299
205848,41
566593,43
17542,151
389168,0
702929,0
452823,471
344203,70
497519,178
434402,0
393489,1429
496275,346
279097,521
416455,1348
206851,379
212986,1109
522781,269
443931,481
328836,764
404871,135
508519,0
424830,0
511181,0
409059,0
339521,1528
361312,441
460546,5
379968,882
211642,6150
334357,151
485642,139
363341,687
547540,660
389106,901
466684,862
370408,87
661040,4315
580239,199
348640,143
296354,1139
245124,76
526591,156
254466,89
213559,289
377025,95
265281,0
466626,758
421681,1345
540575,0
649856,471
552697,154
308736,226
492604,763
448307,196
587473,328
522587,1465
536057,441
306566,368
555633,280
394023,34
420986,0
485744,181
346859,3216
6821,1105
409268,406
511323,0
474737,0
10875,618
264306,213
478930,34
501667,34
474671,1000
16622,860
403689,0
436463,36
531096,425
630384,0
487557,488
412043,285
492693,78
259748,617
516028,0
436161,251
245221,492
686203,0
381984,200
554094,269
364332,411
389212,342
474146,1300
290599,92
509346,0
531457,20485
546910,61
305150,362
544967,1142
386032,76
309691,200
475420,61
600237,456
323144,556
268758,151
341389,722
16610,896
525442,1203
505972,0
250509,693
435037,1570
409176,897
533083,38
409602,1336
333081,700
4865,3886
16651,491
342408,1255
21181,2195
518337,1002
361488,492
249464,1402
513917,0
496742,14
495557,1053
469871,52
348931,1244
444785,0
213263,2469
262303,541
664273,16357
502121,595
419790,121
452036,1402
539752,444
323208,2690
296125,394
381367,76
492266,151
367232,288
431296,0
345927,785
463138,202
330613,1101
494703,172
288891,755
436387,731
394648,61
532788,2334
502680,455
483115,0
302913,0
587255,525
229664,504
655728,615
482044,315
273379,11
319612,491
384717,731
328647,619
246231,943
629454,4166
334702,1885
413614,74
477652,2277
527553,491
626188,0
16633,583
348217,264
479174,34
528317,755
530006,0
422065,33
594132,853
255990,151
449301,49
427349,0
203666,205
13946,1981
515858,0
519943,1
422233,151
420554,76
543754,994
339196,661
410943,1075
278549,221
489874,125
328693,519
14209,1985
287147,1064
508591,31
482677,72
285462,1001
425828,694
259595,2473
447754,0
650881,0
436577,0
424662,86
13796,100
376168,0
4294,573
243655,36
387528,10599
289967,526
525579,1051
337018,161
379529,82
547588,0
396533,55
480199,426
419753,92
411330,110
302229,76
466025,842
291942,3884
349721,1424
24226,0
316116,151
540029,514
363826,100
402888,91
475478,0
315267,71
507082,0
516550,0
385823,428
404408,160
423678,36
447581,912
516502,31
8637,654
444054,0
518123,502
505633,225
601334,133
293205,2283
480682,0
469501,0
431233,0
317341,730
600820,0
344029,155
260016,157
343591,728
506093,106
266133,151
251197,379
428981,0
4612,2631
436262,0
640110,56
552534,44
592808,52
645645,53
558495,715
2566,864
517600,0
203751,969
314232,1107
531024,706
417063,1269
346002,77
547534,180
316958,8812
385838,76
211654,530
347851,446
379809,123
653519,0
498378,387
385507,0
487489,47
309863,243
434417,70
599177,988
396416,0
429944,490
500329,22
414603,20
293234,18
443825,91
501513,0
428043,0
460328,670
419174,33
517607,1585
316184,890
535389,82
250071,729
449044,57
383279,828
490658,3726
454197,191
279910,1025
551760,78
269856,152
516250,0
509137,0
449000,0
14554,897
460535,0
453968,93
329069,143
304320,0
614184,1090
548711,0
276593,0
490852,33
511043,0
641816,460
204221,311
360155,164
314464,1062
492018,305
578241,127
509077,0
467558,240
261787,343
586466,55
217012,923
503238,0
273096,1556
652702,97
539541,615
524610,959
434345,0
509245,41
466963,70
401773,0
260525,0
278852,191
298162,0
245579,469
401620,0
563427,0
351827,576
601688,1135
355496,495
526873,0
497846,0
548272,0
396126,0
402682,36
16643,0
534910,0
255870,1885
537443,456
365899,0
238463,804
493900,555
336906,1215
233756,592
453029,50
528580,135
6341,774
243932,456
444815,637
17986,368
403461,85
443269,33
409279,173
451513,50
255802,39
257671,150
427563,41
189874,600
503445,330
517906,141
567142,0
265576,0
649205,20
379150,1210
455478,3682
393989,497
524108,678
218280,5493
508327,0
658778,181
321247,409
188141,4208
440524,63
480844,1061
575464,370
390332,136
537552,464
261023,204
429384,0
444966,704
444929,123
409989,434
524529,0
397342,219
541955,79
365108,611
196340,1303
376810,0
438560,0
642159,0
301385,3059
190079,169
301651,1785
254153,150
430244,95
330020,0
382857,72
487633,0
434093,456
396892,1128
10066,291
544864,34
290601,573
585562,107
477126,0
308426,461
253395,668
249927,403
675527,900
689080,0
646749,1752
383888,1749
581392,737
415368,93
546658,29
487404,83
373904,0
355752,172
277937,150
443610,948
507270,106
403298,46
379730,275
267066,758
249659,1036
454857,1040
371670,0
496601,34
507836,62
443795,684
242577,2310
399883,43
344796,35
19105,862
488066,0
514505,0
392252,561
556487,479
449576,0
393285,677
258851,0
443294,203
328829,0
326134,659
328904,57
680,1049
438110,450
195951,64
440212,0
544971,0
226791,0
483511,0
385227,83
516505,0
365041,0
563840,167
216575,277
406701,41
251769,115
376066,98
280661,865
515707,830
545055,0
548265,0
447024,87
573591,49
476486,0
484767,88
252971,864
512692,34
538158,0
495598,447
381440,760
585995,1439
425967,52
392267,0
232855,0
287753,182
218369,229
466111,0
483365,0
502784,361
333517,683
623533,119
594740,919
313902,76
557631,660
237884,0
478648,611
479767,0
508503,0
237702,710
261173,0
356693,0
536877,2927
287909,102
11989,408
510044,0
404330,49
276366,11109
649852,0
432679,2784
21291,1006
428498,0
402242,0
442781,256
265743,71
511666,471
467734,621
598296,69
263962,585
241516,78
329016,3334
384406,44
527696,698
401662,0
269506,221
10058,136
218454,112
371474,0
521007,0
191103,572
387719,17
385359,92
378055,0
506238,0
495475,330
490370,559
546541,693
580832,910
254687,156
711839,469
538388,0
346906,560
504057,280
417621,125
324396,521
527251,982
298625,599
440972,54
268977,515
517360,664
574645,211
519639,57
441286,0
489122,118
7415,92
466945,790
256678,151
593231,0
402260,257
319175,1154
409644,83
302421,151
503321,1321
246692,1638
255052,397
499000,77
243663,0
213227,837
669538,406
217341,2398
361434,102
509042,43
343981,152
545281,0
236971,892
534481,39
325781,261
334849,334
437357,0
486876,0
21343,1788
617671,504
422610,0
261355,589
19832,1427
260408,1785
277093,152
395765,0
434487,0
3632,422
537035,394
670491,0
21528,1189
478447,259
253127,140
650185,421
266527,119
237093,11423
549119,858
645390,702
250664,2265
419265,414
638682,441
458561,477
408633,479
533150,715
532281,655
506857,75
406171,132
289860,712
508158,57
416510,1214
396791,71
17513,2275
406668,77
587966,283
259288,1105
511479,20
467615,678
444148,29
459170,189
581210,418
302319,76
434238,1940
242661,813
332571,106
251269,152
14455,72
329702,150
390306,366
394855,0
488993,0
192631,617
494100,1382
393468,225
265298,899
380950,0
373265,84
624196,156
451499,36
20431,518
578597,63
451152,83
477427,129
548640,516
306670,328
501351,537
256157,151
383172,1532
318352,451
258079,0
289410,1312
339043,905
665050,1973
518973,33
4268,609
260817,47
607732,0
410974,0
506946,0
453640,0
14193,1275
530859,0
510008,826
360374,2766
410147,0
328251,333
388824,34
294823,39
495830,0
415675,105
445530,66
306696,216
544576,844
258739,446
365925,196
503509,453
303604,0
511711,0
540106,77
430634,0
288432,1402
313938,122
390729,95
484440,0
428725,0
522941,783
307182,173
434642,41
519314,1127
413782,0
547669,0
384024,3756
260435,835
329429,1723
453308,83
638574,0
440131,177
428687,158
525578,0
547444,439
296241,188
392746,76
258748,393
458629,210
527437,629
486341,0
492119,1507
519236,35
190130,36708
454991,0
193096,4781
493585,1436
454543,27
419578,168
419517,0
377206,114
591071,106
582948,139
389066,118
17356,607
211854,558
617620,79
546893,739
422267,863
354669,0
467248,0
19266,1362
403344,686
426017,0
485123,107
498160,619
17879,929
308432,148
266371,1431
454152,0
234526,5702
365224,217
348773,155
341438,0
507886,0
478148,614
512657,0
613684,72
273279,39
601262,400
319546,76
380219,0
14191,453
191941,9980
376755,359
15965,769
278897,926
276079,784
324380,83
488799,20
497221,0
667250,0
498638,0
469156,104
610186,331
414955,0
577459,1149
403194,252
2990,2990
608228,0
377453,759
371127,292
520235,38
200859,295
488543,71
576120,665
560438,114
543534,132
463927,0
485714,230
244470,362
436544,0
429765,2146
426349,0
537133,415
511305,0
238383,2979
318847,182
309399,0
276692,782
584659,822
536720,602
389234,111
498941,1958
600593,0
416129,0
353015,491
276001,555
579409,463
523519,1058
394930,805
509738,0
456454,0
627051,0
486780,104
312211,747
497483,0
479756,215
389058,48
504631,0
485100,81
499385,0
292373,562
332502,163
12977,433
315944,151
659471,1277
373712,342
532155,0
512133,0
394049,0
316554,0
352059,838
485599,503
507917,0
406913,58
368345,76
672952,1498
436528,118
401705,130
552011,354
385902,471
386737,0
13947,1416
449635,1697
605831,1356
330255,0
363784,1298
426936,44
221477,6
4044,2412
390664,2446
309715,76
498323,0
304940,709
444283,0
1279,1149
615017,0
368313,246
247653,26
411878,452
331026,87
301273,830
354088,288
345747,776
558397,546
505716,0
458655,0
677503,2669
538000,0
529384,15
407572,448
416293,46
541174,0
439146,973
369904,574
421216,468
523576,73
311068,174
475985,650
520694,110
14943,2639
297057,554
533376,0
587108,288
16255,113
551474,59
409436,34
247407,102
540538,665
309087,3785
281745,0
435297,0
428607,0
574986,487
550711,308
437182,361
420706,1926
343801,963
352423,93
8207,728
558641,762
526760,0
543444,561
527279,7
305228,94
341415,871
328324,78
423907,30
353614,2073
347215,938
257872,688
2549,820
259564,700
574245,90
476277,97
483892,866
378462,84
497257,890
641999,58
254524,1027
400821,0
380043,76
482405,537
480691,4129
552523,464
333879,586
629937,0
441489,219
393610,0
271471,3028
580278,460
446301,772
563101,364
434955,0
325522,1298
304945,105
545121,57
484809,214
310595,0
507824,36
385681,236
430261,1
217699,817
619282,0
327566,1620
435404,0
554172,53
333717,0
333620,438
499393,1425
488493,2417
529981,311
328374,449
630358,0
691357,271
497045,52
569349,106
309450,2700
298610,654
343997,1262
618607,574
504011,0
276734,638
462787,0
264467,523
251058,769
360428,814
191311,3900
510364,72
507507,0
390216,10
480890,159
511414,0
299583,652
418270,92
401987,0
516820,731
434753,0
402672,553
364595,648
555095,49
20686,545
503468,18
237855,89
540090,162
623737,398
530879,189
657347,0
665360,0
401589,0
562083,647
344062,682
455773,769
543033,0
645068,0
327687,0
251030,33
294443,442
490650,535
392562,565
346668,825
335626,800
677879,41
395959,4189
413845,81
456185,3060
524157,475
236689,79
633100,0
338699,349
446860,431
378852,76
376945,389
332598,488
272663,0
437604,0
601666,462
344273,409
474783,67
494761,59
289475,175
510503,0
455138,42
576188,848
549271,112
374722,339
406924,34
665594,90
552902,0
461351,0
188375,2036
512000,0
433826,0
399395,0
523256,131
524186,0
226234,180
400192,0
584845,167
250880,620
535650,422
592025,391
440498,86
513226,531
269439,750
416502,111
365817,83
534303,539
11279,118628
322040,342
453373,0
407871,0
358574,4168
638748,0
517016,0
310077,0
414304,0
491090,94
388153,57
250943,379
407059,293
7513,268
502135,620
247883,847
236031,414
429919,123
661244,388
513572,0
253893,0
527595,630
438566,102
243955,189
386723,0
413010,626
563915,200
419719,84
570951,85
516656,474
301676,861
484293,0
256213,649
418671,0
576009,39
8276,1964
368013,394
325110,1065
299692,159
495081,706
223778,219
679100,1675
508358,102
388622,0
355816,472
569613,1
440908,434
567248,120
418755,41
434007,899
14364,462
619524,153
354081,432
274171,153
302081,76
421955,0
512765,0
262054,13085
338223,251
435501,0
569037,941
440052,737
484150,0
193010,495
256545,581
419202,1720
511662,239
465823,359
421471,784
541337,970
497305,720
430820,507
255877,427
571866,305
510125,95
587090,1115
548869,0
244551,1074
439543,393
265410,1061
322950,480
290812,164
17294,818
12938,0
533487,607
14774,1358
499612,598
258656,0
498397,0
247966,1025
370988,141
425652,0
637755,457
3621,7091
17673,2486
255220,148
451622,156
